{
	"pages": [ //pages数组中第一项表示应用启动页，参考：https://uniapp.dcloud.io/collocation/pages
		{
			"path": "pages/index/index",
			"style": {
				"navigationBarTitleText": "Home"
			}
		},
		{
			"path": "pages/mine/index",
			"style": {
				"navigationBarTitleText": "Mine"
			}
		},
		{
			"path": "pages/app/index",
			"style": {
				"navigationBarTitleText": "App"
			}
		},
		{
			"path": "pages/demo/index",
			"style": {
		    "navigationBarBackgroundColor":"#3F536E"
			}
		},
		{
			"path": "pages/demo/nvue",
			"style": {
		    "navigationBarBackgroundColor":"#3F536E"
			}
		},
		{
			"path": "pages/mp/test1",
			"style": {
		    "navigationBarBackgroundColor":"#3F536E"
			}
		},
		{
			"path": "pages/mp/test2",
			"style": {
		    "navigationBarBackgroundColor":"#3F536E"
			}
		},
		{
			"path": "pages/components/jj-messagebox/messageView/app-message-view",
			"style": {
			// "navigationBarTextStyle":"white",//设置状态栏颜色
			"navigationStyle": "custom", // 取消本页面的导航栏
			"background": "transparent", // 背景透明
			"app-plus": {
			"animationType": "zoom-fade-out", //zoom-fade-out：新窗体从小到大逐渐放大并且从透明到不透明逐渐显示，解决安卓平台下微闪问题
			"background": "transparent", // 背景透明
			"backgroundColor": "transparent", // 背景透明
			"webviewBGTransparent":true,
			"mask":"none",
			"popGesture": "none" // 关闭IOS屏幕左边滑动关闭当前页面的功能
			
			}
			}
		},
		{
			"path": "pages/app/popup-view",
			"style": {
			// "navigationBarTextStyle":"white",//设置状态栏颜色
			"navigationStyle": "custom", // 取消本页面的导航栏
			"background": "transparent", // 背景透明
			"app-plus": {
			"animationType": "fade-in", // 设置fade-in淡入动画，为最合理的动画类型
			"background": "transparent", // 背景透明
			"backgroundColor": "transparent", // 背景透明
			"webviewBGTransparent":true,
			"mask":"none",
			"popGesture": "none" // 关闭IOS屏幕左边滑动关闭当前页面的功能
			
			}
			}
		}
		
	],
	"tabBar": {
	    "color": "#7A7E83",
	    "selectedColor": "#3cc51f",
	    "borderStyle": "black",
	    "backgroundColor": "#ffffff",
	    "list": [{
	        "pagePath": "pages/index/index",
	        // "iconPath": "static/image/icon_component.png",
	        // "selectedIconPath": "static/image/icon_component_HL.png",
	        "text": "Home"
	    }, {
	        "pagePath": "pages/mine/index",
	        // "iconPath": "static/image/icon_API.png",
	        // "selectedIconPath": "static/image/icon_API_HL.png",
	        "text": "Mine"
	    },{
	        "pagePath": "pages/demo/nvue",
	        // "iconPath": "static/image/icon_API.png",
	        // "selectedIconPath": "static/image/icon_API_HL.png",
	        "text": "nvue"
	    }, {
	        "pagePath": "pages/app/index",
	        // "iconPath": "static/image/icon_API.png",
	        // "selectedIconPath": "static/image/icon_API_HL.png",
	        "text": "App"
	    }]
	},
	"globalStyle": {
		"navigationBarTextStyle": "black",
		"navigationBarTitleText": "uni-app",
		"navigationBarBackgroundColor": "#F8F8F8",
		"backgroundColor": "#fff"
	}
}
